<?xml version="1.0"?>
<!DOCTYPE hibernate-mapping PUBLIC "-//Hibernate/Hibernate Mapping DTD 3.0//EN"
"http://www.hibernate.org/dtd/hibernate-mapping-3.0.dtd">
<!-- Generated Aug 8, 2016 5:52:30 PM by Hibernate Tools 4.0.1.Final -->
<hibernate-mapping>
    <class name="Mobilecard" table="mobilecard" catalog="los">
        <id name="mobilecardid" type="long">
            <column name="MOBILECARDID" precision="15" scale="0" />
            <generator class="assigned" />
        </id>
        <many-to-one name="custmobile" class="Custmobile" fetch="select">
            <column name="CUSTMOBILEID" precision="15" scale="0" />
        </many-to-one>
        <property name="larn" type="string">
            <column name="LARN" length="9" />
        </property>
        <property name="cardnum" type="string">
            <column name="CARDNUM" length="16" />
        </property>
        <property name="suffix" type="string">
            <column name="SUFFIX" length="3" />
        </property>
        <property name="basecardsuffix" type="string">
            <column name="BASECARDSUFFIX" length="3" />
        </property>
        <property name="cardstatus" type="java.lang.Character">
            <column name="CARDSTATUS" length="1" />
        </property>
        <property name="logo" type="string">
            <column name="LOGO" length="3" />
        </property>
        <property name="cardtype" type="java.lang.Character">
            <column name="CARDTYPE" length="1" />
        </property>
        <property name="accountname" type="string">
            <column name="ACCOUNTNAME" length="50" />
        </property>
        <property name="accountnum" type="string">
            <column name="ACCOUNTNUM" length="19" />
        </property>
        <property name="maid" type="string">
            <column name="MAID" length="40" />
        </property>
        <property name="sequencenum" type="java.lang.Short">
            <column name="SEQUENCENUM" />
        </property>
        <property name="creationdt" type="timestamp">
            <column name="CREATIONDT" length="19" />
        </property>
        <property name="updationdt" type="timestamp">
            <column name="UPDATIONDT" length="19" />
        </property>
        <property name="cardscriptavldt" type="timestamp">
            <column name="CARDSCRIPTAVLDT" length="19" />
        </property>
        <property name="baseplstcstckid" type="string">
            <column name="BASEPLSTCSTCKID" length="8" />
        </property>
        <property name="mobretryind" type="string">
            <column name="MOBRETRYIND" length="2" />
        </property>
        <property name="embsrrcdcrtd" type="java.lang.Character">
            <column name="EMBSRRCDCRTD" length="1" />
        </property>
        <property name="embsrrcdcrtddt" type="timestamp">
            <column name="EMBSRRCDCRTDDT" length="19" />
        </property>
        <property name="embpersdtrecvd" type="java.lang.Character">
            <column name="EMBPERSDTRECVD" length="1" />
        </property>
        <property name="embpersdtrecvddt" type="timestamp">
            <column name="EMBPERSDTRECVDDT" length="19" />
        </property>
        <property name="embsrecddeltd" type="java.lang.Character">
            <column name="EMBSRECDDELTD" length="1" />
        </property>
        <property name="embsrecddeltddt" type="timestamp">
            <column name="EMBSRECDDELTDDT" length="19" />
        </property>
        <property name="mobileappversion" type="string">
            <column name="MOBILEAPPVERSION" length="50" />
        </property>
        <property name="seeligibleind" type="java.lang.Character">
            <column name="SEELIGIBLEIND" length="1" />
        </property>
        <property name="cardeligibleind" type="java.lang.Character">
            <column name="CARDELIGIBLEIND" length="1" />
        </property>
        <property name="casenumber" type="string">
            <column name="CASENUMBER" length="2" />
        </property>
        <property name="pushnotfreqddt" type="timestamp">
            <column name="PUSHNOTFREQDDT" length="19" />
        </property>
        <property name="pushnotfsentflag" type="string">
            <column name="PUSHNOTFSENTFLAG" length="3" />
        </property>
        <property name="pushnotfremdrsentdt" type="timestamp">
            <column name="PUSHNOTFREMDRSENTDT" length="19" />
        </property>
        <property name="pushnotfremdrcnt" type="java.lang.Byte">
            <column name="PUSHNOTFREMDRCNT" precision="2" scale="0" />
        </property>
        <property name="cardexpiry" type="string">
            <column name="CARDEXPIRY" length="4" />
        </property>
        <property name="dpan" type="string">
            <column name="DPAN" length="19" />
        </property>
        <property name="tokenrefid" type="string">
            <column name="TOKENREFID" length="14" />
        </property>
        <property name="mobilenumber" type="string">
            <column name="MOBILENUMBER" length="15" />
        </property>
        <set name="smsdetailses" table="smsdetails" inverse="true" lazy="true" fetch="select">
            <key>
                <column name="MOBILECARDID" precision="15" scale="0" />
            </key>
            <one-to-many class="Smsdetails" />
        </set>
    </class>
</hibernate-mapping>
