<?xml version="1.0"?>
<!DOCTYPE hibernate-mapping PUBLIC "-//Hibernate/Hibernate Mapping DTD 3.0//EN"
"http://www.hibernate.org/dtd/hibernate-mapping-3.0.dtd">
<!-- Generated Aug 10, 2016 11:41:07 AM by Hibernate Tools 4.0.1.Final -->
<hibernate-mapping>
    <class name="WpCmtCase" table="wp_cmt_case" catalog="cmt">
        <id name="id" type="int">
            <column name="Id" />
            <generator class="assigned" />
        </id>
        <many-to-one name="wpCmtCustomerdetails" class="WpCmtCustomerdetails" fetch="select">
            <column name="CustomerId" />
        </many-to-one>
        <many-to-one name="wpCmtAccountdetails" class="WpCmtAccountdetails" fetch="select">
            <column name="AccountId" />
        </many-to-one>
        <many-to-one name="wpCmtInbasket" class="WpCmtInbasket" fetch="select">
            <column name="InbasketId" />
        </many-to-one>
        <property name="assistStatus" type="string">
            <column name="AssistStatus" length="50" />
        </property>
        <property name="statusReason" type="string">
            <column name="StatusReason" length="50" />
        </property>
        <property name="statusDate" type="timestamp">
            <column name="StatusDate" length="19" />
        </property>
        <property name="created" type="timestamp">
            <column name="Created" length="19" />
        </property>
        <property name="creator" type="string">
            <column name="Creator" length="50" />
        </property>
        <property name="lastActioner" type="string">
            <column name="LastActioner" length="50" />
        </property>
        <property name="lastActionDate" type="timestamp">
            <column name="LastActionDate" length="19" />
        </property>
        <property name="assistApprovalDate" type="timestamp">
            <column name="AssistApprovalDate" length="19" />
        </property>
        <property name="assistDeclinedDate" type="timestamp">
            <column name="AssistDeclinedDate" length="19" />
        </property>
        <property name="withdrawalDate" type="timestamp">
            <column name="WithdrawalDate" length="19" />
        </property>
        <property name="completedDate" type="timestamp">
            <column name="CompletedDate" length="19" />
        </property>
        <property name="scheduleDate" type="timestamp">
            <column name="ScheduleDate" length="19" />
        </property>
        <property name="assistReferralDate" type="timestamp">
            <column name="AssistReferralDate" length="19" />
        </property>
        <property name="channelSource" type="string">
            <column name="ChannelSource" length="50" />
        </property>
        <property name="inbasketmvmtDate" type="timestamp">
            <column name="InbasketmvmtDate" length="19" />
        </property>
        <property name="assistApprovedBy" type="string">
            <column name="AssistApprovedBy" length="50" />
        </property>
        <property name="initialAssistDate" type="timestamp">
            <column name="InitialAssistDate" length="19" />
        </property>
        <set name="wpCmtDeds" table="wp_cmt_ded" inverse="true" lazy="true" fetch="select">
            <key>
                <column name="CaseId" />
            </key>
            <one-to-many class="WpCmtDed" />
        </set>
        <set name="wpCmtMmpaccountdetailses" table="wp_cmt_mmpaccountdetails" inverse="true" lazy="true" fetch="select">
            <key>
                <column name="CaseId" />
            </key>
            <one-to-many class="WpCmtMmpaccountdetails" />
        </set>
        <set name="wpCmtHistories" table="wp_cmt_history" inverse="true" lazy="true" fetch="select">
            <key>
                <column name="CaseId" />
            </key>
            <one-to-many class="WpCmtHistory" />
        </set>
    </class>
</hibernate-mapping>
