<?xml version="1.0"?>
<!DOCTYPE hibernate-mapping PUBLIC "-//Hibernate/Hibernate Mapping DTD 3.0//EN"
"http://www.hibernate.org/dtd/hibernate-mapping-3.0.dtd">
<!-- Generated Aug 10, 2016 11:41:07 AM by Hibernate Tools 4.0.1.Final -->
<hibernate-mapping>
    <class name="WpCmtCustomerdetails" table="wp_cmt_customerdetails" catalog="cmt">
        <id name="id" type="int">
            <column name="Id" />
            <generator class="assigned" />
        </id>
        <property name="customerNumber" type="java.lang.Integer">
            <column name="CustomerNumber" />
        </property>
        <property name="customerType" type="string">
            <column name="CustomerType" length="50" />
        </property>
        <property name="businessName" type="string">
            <column name="BusinessName" length="50" />
        </property>
        <property name="surName" type="string">
            <column name="SurName" length="50" />
        </property>
        <property name="lastName" type="string">
            <column name="LastName" length="50" />
        </property>
        <property name="postCode" type="java.lang.Integer">
            <column name="PostCode" />
        </property>
        <property name="dateOfBirth" type="timestamp">
            <column name="DateOfBirth" length="19" />
        </property>
        <set name="wpCmtAccountdetailses" table="wp_cmt_accountdetails" inverse="true" lazy="true" fetch="select">
            <key>
                <column name="CustomerId" />
            </key>
            <one-to-many class="WpCmtAccountdetails" />
        </set>
        <set name="wpCmtCases" table="wp_cmt_case" inverse="true" lazy="true" fetch="select">
            <key>
                <column name="CustomerId" />
            </key>
            <one-to-many class="WpCmtCase" />
        </set>
    </class>
</hibernate-mapping>
