<?xml version="1.0"?>
<!DOCTYPE hibernate-mapping PUBLIC "-//Hibernate/Hibernate Mapping DTD 3.0//EN"
"http://www.hibernate.org/dtd/hibernate-mapping-3.0.dtd">
<!-- Generated Aug 10, 2016 11:41:07 AM by Hibernate Tools 4.0.1.Final -->
<hibernate-mapping>
    <class name="WpCmtEvent" table="wp_cmt_event" catalog="cmt">
        <id name="id" type="int">
            <column name="Id" />
            <generator class="assigned" />
        </id>
        <property name="eventName" type="string">
            <column name="EventName" length="50" />
        </property>
        <property name="description" type="string">
            <column name="Description" length="50" />
        </property>
        <property name="creator" type="string">
            <column name="Creator" length="50" />
        </property>
        <property name="created" type="timestamp">
            <column name="Created" length="19" />
        </property>
        <property name="lastActioner" type="string">
            <column name="LastActioner" length="50" />
        </property>
        <property name="lastActionDate" type="timestamp">
            <column name="LastActionDate" length="19" />
        </property>
        <set name="wpCmtHistories" table="wp_cmt_history" inverse="true" lazy="true" fetch="select">
            <key>
                <column name="EventId" />
            </key>
            <one-to-many class="WpCmtHistory" />
        </set>
        <set name="wpCmtInbaskettransitions" table="wp_cmt_inbaskettransition" inverse="true" lazy="true" fetch="select">
            <key>
                <column name="EventId" />
            </key>
            <one-to-many class="WpCmtInbaskettransition" />
        </set>
    </class>
</hibernate-mapping>
