<?xml version="1.0"?>
<!DOCTYPE hibernate-mapping PUBLIC "-//Hibernate/Hibernate Mapping DTD 3.0//EN"
"http://www.hibernate.org/dtd/hibernate-mapping-3.0.dtd">
<!-- Generated Aug 10, 2016 11:41:07 AM by Hibernate Tools 4.0.1.Final -->
<hibernate-mapping>
    <class name="WpCmtMmpaccountdetails" table="wp_cmt_mmpaccountdetails" catalog="cmt">
        <id name="id" type="int">
            <column name="Id" />
            <generator class="assigned" />
        </id>
        <many-to-one name="wpCmtCase" class="WpCmtCase" fetch="select">
            <column name="CaseId" />
        </many-to-one>
        <property name="currentBalanceOwing" type="java.lang.Integer">
            <column name="CurrentBalanceOwing" />
        </property>
        <property name="mmpamount" type="java.lang.Integer">
            <column name="MMPAmount" />
        </property>
        <property name="mmpdate" type="timestamp">
            <column name="MMPDate" length="19" />
        </property>
        <property name="mmptype" type="string">
            <column name="MMPType" length="50" />
        </property>
        <property name="seekingAssist12mthsLoanStatus" type="string">
            <column name="SeekingAssist12MthsLoanStatus" length="2" />
        </property>
        <property name="pastDueAmt" type="string">
            <column name="PastDueAmt" length="50" />
        </property>
    </class>
</hibernate-mapping>
