<?xml version="1.0"?>
<!DOCTYPE hibernate-mapping PUBLIC "-//Hibernate/Hibernate Mapping DTD 3.0//EN"
"http://www.hibernate.org/dtd/hibernate-mapping-3.0.dtd">
<!-- Generated Aug 10, 2016 11:41:07 AM by Hibernate Tools 4.0.1.Final -->
<hibernate-mapping>
    <class name="WpCmtAccountdetails" table="wp_cmt_accountdetails" catalog="cmt">
        <id name="id" type="int">
            <column name="Id" />
            <generator class="assigned" />
        </id>
        <many-to-one name="wpCmtCustomerdetails" class="WpCmtCustomerdetails" fetch="select">
            <column name="CustomerId" />
        </many-to-one>
        <property name="accountNumber" type="java.lang.Integer">
            <column name="AccountNumber" />
        </property>
        <property name="originalLoanAmt" type="string">
            <column name="OriginalLoanAmt" length="50" />
        </property>
        <property name="asset" type="string">
            <column name="Asset" length="50" />
        </property>
        <property name="cciinsurance" type="string">
            <column name="CCIInsurance" length="50" />
        </property>
        <property name="cciinsurer" type="string">
            <column name="CCIInsurer" length="50" />
        </property>
        <property name="productType" type="string">
            <column name="ProductType" length="50" />
        </property>
        <property name="brand" type="string">
            <column name="Brand" length="50" />
        </property>
        <set name="wpCmtCases" table="wp_cmt_case" inverse="true" lazy="true" fetch="select">
            <key>
                <column name="AccountId" />
            </key>
            <one-to-many class="WpCmtCase" />
        </set>
    </class>
</hibernate-mapping>
