<?xml version="1.0"?>
<!DOCTYPE hibernate-mapping PUBLIC "-//Hibernate/Hibernate Mapping DTD 3.0//EN"
"http://www.hibernate.org/dtd/hibernate-mapping-3.0.dtd">
<!-- Generated Aug 10, 2016 11:41:07 AM by Hibernate Tools 4.0.1.Final -->
<hibernate-mapping>
    <class name="WpCmtHistory" table="wp_cmt_history" catalog="cmt">
        <id name="id" type="int">
            <column name="Id" />
            <generator class="assigned" />
        </id>
        <many-to-one name="wpCmtCase" class="WpCmtCase" fetch="select">
            <column name="CaseId" />
        </many-to-one>
        <many-to-one name="wpCmtEvent" class="WpCmtEvent" fetch="select">
            <column name="EventId" />
        </many-to-one>
        <property name="activityNotes" type="string">
            <column name="ActivityNotes" length="50" />
        </property>
        <property name="scheduleDate" type="timestamp">
            <column name="ScheduleDate" length="19" />
        </property>
        <property name="activityTime" type="timestamp">
            <column name="ActivityTime" length="19" />
        </property>
        <property name="actioner" type="string">
            <column name="Actioner" length="50" />
        </property>
    </class>
</hibernate-mapping>
