<?xml version="1.0"?>
<!DOCTYPE hibernate-mapping PUBLIC "-//Hibernate/Hibernate Mapping DTD 3.0//EN"
"http://www.hibernate.org/dtd/hibernate-mapping-3.0.dtd">
<!-- Generated Aug 10, 2016 11:41:07 AM by Hibernate Tools 4.0.1.Final -->
<hibernate-mapping>
    <class name="WpCmtInbasket" table="wp_cmt_inbasket" catalog="cmt">
        <id name="id" type="int">
            <column name="Id" />
            <generator class="assigned" />
        </id>
        <property name="inBasketName" type="string">
            <column name="InBasketName" length="50" />
        </property>
        <property name="description" type="string">
            <column name="Description" length="50" />
        </property>
        <property name="criteria" type="string">
            <column name="Criteria" length="1000" />
        </property>
        <property name="creator" type="string">
            <column name="Creator" length="50" />
        </property>
        <property name="created" type="timestamp">
            <column name="Created" length="19" />
        </property>
        <property name="lastActioner" type="string">
            <column name="LastActioner" length="50" />
        </property>
        <property name="lastActionDate" type="timestamp">
            <column name="LastActionDate" length="19" />
        </property>
        <set name="wpCmtCases" table="wp_cmt_case" inverse="true" lazy="true" fetch="select">
            <key>
                <column name="InbasketId" />
            </key>
            <one-to-many class="WpCmtCase" />
        </set>
        <set name="wpCmtInbaskettransitions" table="wp_cmt_inbaskettransition" inverse="true" lazy="true" fetch="select">
            <key>
                <column name="CurrentInbasketId" />
            </key>
            <one-to-many class="WpCmtInbaskettransition" />
        </set>
    </class>
</hibernate-mapping>
