<?xml version="1.0"?>
<!DOCTYPE hibernate-mapping PUBLIC "-//Hibernate/Hibernate Mapping DTD 3.0//EN"
"http://www.hibernate.org/dtd/hibernate-mapping-3.0.dtd">
<!-- Generated Aug 10, 2016 11:41:07 AM by Hibernate Tools 4.0.1.Final -->
<hibernate-mapping>
    <class name="WpCmtInbaskettransition" table="wp_cmt_inbaskettransition" catalog="cmt">
        <id name="id" type="int">
            <column name="Id" />
            <generator class="assigned" />
        </id>
        <many-to-one name="wpCmtEvent" class="WpCmtEvent" fetch="select">
            <column name="EventId" />
        </many-to-one>
        <many-to-one name="wpCmtInbasket" class="WpCmtInbasket" fetch="select">
            <column name="CurrentInbasketId" />
        </many-to-one>
        <property name="assistStatus" type="string">
            <column name="AssistStatus" length="50" />
        </property>
        <property name="statusReason" type="string">
            <column name="StatusReason" length="50" />
        </property>
        <property name="lastActioner" type="string">
            <column name="LastActioner" length="50" />
        </property>
        <property name="lastActionDate" type="timestamp">
            <column name="LastActionDate" length="19" />
        </property>
        <property name="nextInbasketId" type="java.lang.Integer">
            <column name="NextInbasketId" />
        </property>
    </class>
</hibernate-mapping>
