<?xml version="1.0"?>
<!DOCTYPE hibernate-mapping PUBLIC "-//Hibernate/Hibernate Mapping DTD 3.0//EN"
"http://www.hibernate.org/dtd/hibernate-mapping-3.0.dtd">
<!-- Generated Aug 10, 2016 11:41:07 AM by Hibernate Tools 4.0.1.Final -->
<hibernate-mapping>
    <class name="WpCmtDed" table="wp_cmt_ded" catalog="cmt">
        <id name="id" type="int">
            <column name="Id" />
            <generator class="assigned" />
        </id>
        <many-to-one name="wpCmtCase" class="WpCmtCase" fetch="select">
            <column name="CaseId" />
        </many-to-one>
        <property name="assistanceReason" type="string">
            <column name="AssistanceReason" length="50" />
        </property>
        <property name="assistType1" type="string">
            <column name="AssistType1" length="50" />
        </property>
        <property name="hardshipAmt" type="string">
            <column name="HardshipAmt" length="50" />
        </property>
        <property name="hardshipStartDate" type="string">
            <column name="HardshipStartDate" length="50" />
        </property>
        <property name="hardshipEndDate" type="timestamp">
            <column name="HardshipEndDate" length="19" />
        </property>
        <property name="hardshipinstaltDate" type="timestamp">
            <column name="HardshipinstaltDate" length="19" />
        </property>
        <property name="serviceabilityInstalment" type="string">
            <column name="ServiceabilityInstalment" length="50" />
        </property>
        <property name="serviceabilityStartDate" type="timestamp">
            <column name="ServiceabilityStartDate" length="19" />
        </property>
        <property name="serviceabilityDueDate" type="timestamp">
            <column name="ServiceabilityDueDate" length="19" />
        </property>
        <property name="serviceabilityFirstMmpdueDate" type="timestamp">
            <column name="ServiceabilityFirstMMPDueDate" length="19" />
        </property>
    </class>
</hibernate-mapping>
