[
	{
		"caseId": 1234,
		"custNo": 12345,
		"accNo": 5678,
		"fName": "smith",
		"lName": "jo",
		"creationTime": "12-07-2016"
	},

	{
		"caseId": 2345,
		"custNo": 23456,
		"accNo": 6789,
		"fName": "smith",
		"lName": "jo",
		"creationTime": "12-07-2016"
	},

	{
		"caseId": 3456,
		"custNo": 34567,
		"accNo": 7890,
		"fName": "kelly",
		"lName": "joy",
		"creationTime": "12-07-2016"
	},

	{
		"caseId": 4567,
		"custNo": 45678,
		"accNo": 8901,
		"fName": "kelly",
		"lName": "joy",
		"creationTime": "12-07-2016"
	}
]