[
	{
		"caseId": 1234,
		"custNo": 12345,
		"accNo": 5678,
		"creationTime": "02-04-2016",
		"initialReferralDate": "02-04-2016"
		
	},

	{
		"caseId": 2345,
		"custNo": 23456,
		"accNo": 6789,
		"creationTime": "12-05-2016",
		"initialReferralDate": "12-05-2016"
	},

	{
		"caseId": 3456,
		"custNo": 34567,
		"accNo": 7890,
		"creationTime": "16-06-2016",
		"initialReferralDate": "16-06-2016"
	},
	
	{
		"caseId": 3456,
		"custNo": 34567,
		"accNo": 7890,
		"creationTime": "16-06-2016",
		"initialReferralDate": "16-06-2016"
	},
	
	{
		"caseId": 3456,
		"custNo": 34567,
		"accNo": 7890,
		"creationTime": "16-06-2016",
		"initialReferralDate": "16-06-2016"
	},
	
	{
		"caseId": 3456,
		"custNo": 34567,
		"accNo": 7890,
		"creationTime": "16-06-2016",
		"initialReferralDate": "16-06-2016"
	},
	
	{
		"caseId": 3456,
		"custNo": 34567,
		"accNo": 7890,
		"creationTime": "16-06-2016",
		"initialReferralDate": "16-06-2016"
	},
	
	{
		"caseId": 3456,
		"custNo": 34567,
		"accNo": 7890,
		"creationTime": "16-06-2016",
		"initialReferralDate": "16-06-2016"
	},
	
	{
		"caseId": 3456,
		"custNo": 34567,
		"accNo": 7890,
		"creationTime": "16-06-2016",
		"initialReferralDate": "16-06-2016"
	},
	
	{
		"caseId": 3456,
		"custNo": 34567,
		"accNo": 7890,
		"creationTime": "16-06-2016",
		"initialReferralDate": "16-06-2016"
	},
	
	{
		"caseId": 3456,
		"custNo": 34567,
		"accNo": 7890,
		"creationTime": "16-06-2016",
		"initialReferralDate": "16-06-2016"
	},
	
	{
		"caseId": 3456,
		"custNo": 34567,
		"accNo": 7890,
		"creationTime": "16-06-2016",
		"initialReferralDate": "16-06-2016"
	},
	
	{
		"caseId": 3456,
		"custNo": "Last but one",
		"accNo": 7890,
		"creationTime": "16-06-2016",
		"initialReferralDate": "16-06-2016"
	},

	{
		"caseId": 4567,
		"custNo": "Last entry",
		"accNo": 8901,
		"creationTime": "13-08-2016",
		"initialReferralDate": "23-07-2016"
	}
]