<?xml version="1.0"?>
<!DOCTYPE hibernate-mapping PUBLIC "-//Hibernate/Hibernate Mapping DTD 3.0//EN"
"http://www.hibernate.org/dtd/hibernate-mapping-3.0.dtd">
<!-- Generated Aug 8, 2016 5:49:48 PM by Hibernate Tools 4.0.1.Final -->
<hibernate-mapping>
    <class name="Binmapref" table="binmapref" catalog="los">
        <id name="binnumber" type="int">
            <column name="BINNUMBER" precision="6" scale="0" />
            <generator class="assigned" />
        </id>
        <property name="scheme" type="string">
            <column name="SCHEME" length="20" />
        </property>
        <property name="bank" type="string">
            <column name="BANK" length="10" />
        </property>
        <property name="cardtype" type="string">
            <column name="CARDTYPE" length="20" />
        </property>
        <property name="org" type="string">
            <column name="ORG" length="3" />
        </property>
    </class>
</hibernate-mapping>
