<?xml version="1.0"?>
<!DOCTYPE hibernate-mapping PUBLIC "-//Hibernate/Hibernate Mapping DTD 3.0//EN"
"http://www.hibernate.org/dtd/hibernate-mapping-3.0.dtd">
<!-- Generated Aug 8, 2016 5:49:48 PM by Hibernate Tools 4.0.1.Final -->
<hibernate-mapping>
    <class name="Cardstatus" table="cardstatus" catalog="los">
        <id name="pan" type="string">
            <column name="PAN" length="19" />
            <generator class="assigned" />
        </id>
        <property name="invalidcvvcount" type="java.lang.Byte">
            <column name="INVALIDCVVCOUNT" precision="2" scale="0" />
        </property>
    </class>
</hibernate-mapping>
