<?xml version="1.0"?>
<!DOCTYPE hibernate-mapping PUBLIC "-//Hibernate/Hibernate Mapping DTD 3.0//EN"
"http://www.hibernate.org/dtd/hibernate-mapping-3.0.dtd">
<!-- Generated Aug 8, 2016 5:49:48 PM by Hibernate Tools 4.0.1.Final -->
<hibernate-mapping>
    <class name="Customer" table="customer" catalog="los">
        <id name="customerid" type="long">
            <column name="CUSTOMERID" precision="15" scale="0" />
            <generator class="assigned" />
        </id>
        <property name="firstnm" type="string">
            <column name="FIRSTNM" length="45" />
        </property>
        <property name="middlenm" type="string">
            <column name="MIDDLENM" length="45" />
        </property>
        <property name="lastnm" type="string">
            <column name="LASTNM" length="45" />
        </property>
        <property name="birthdt" type="timestamp">
            <column name="BIRTHDT" length="19" />
        </property>
        <set name="custmobiles" table="custmobile" inverse="true" lazy="true" fetch="select">
            <key>
                <column name="CUSTOMERID" precision="15" scale="0" not-null="true" />
            </key>
            <one-to-many class="Custmobile" />
        </set>
        <set name="domaincustomers" table="domaincustomer" inverse="true" lazy="true" fetch="select">
            <key>
                <column name="CUSTOMERID" precision="15" scale="0" />
            </key>
            <one-to-many class="Domaincustomer" />
        </set>
    </class>
</hibernate-mapping>
