<?xml version="1.0"?>
<!DOCTYPE hibernate-mapping PUBLIC "-//Hibernate/Hibernate Mapping DTD 3.0//EN"
"http://www.hibernate.org/dtd/hibernate-mapping-3.0.dtd">
<!-- Generated Aug 8, 2016 5:49:48 PM by Hibernate Tools 4.0.1.Final -->
<hibernate-mapping>
    <class name="Custmobile" table="custmobile" catalog="los">
        <id name="custmobileid" type="long">
            <column name="CUSTMOBILEID" precision="15" scale="0" />
            <generator class="assigned" />
        </id>
        <many-to-one name="customer" class="Customer" fetch="select">
            <column name="CUSTOMERID" precision="15" scale="0" not-null="true" />
        </many-to-one>
        <property name="cplc" type="string">
            <column name="CPLC" length="84" not-null="true" />
        </property>
        <property name="mobilename" type="string">
            <column name="MOBILENAME" length="20" />
        </property>
        <property name="status" type="char">
            <column name="STATUS" length="1" not-null="true" />
        </property>
        <property name="creationdt" type="timestamp">
            <column name="CREATIONDT" length="19" />
        </property>
        <property name="updationdt" type="timestamp">
            <column name="UPDATIONDT" length="19" />
        </property>
        <property name="lastcardrmvdt" type="timestamp">
            <column name="LASTCARDRMVDT" length="19" />
        </property>
        <property name="memotext" type="string">
            <column name="MEMOTEXT" length="180" />
        </property>
        <property name="fctresetrsn" type="java.lang.Character">
            <column name="FCTRESETRSN" length="1" />
        </property>
        <property name="frcaseopendt" type="timestamp">
            <column name="FRCASEOPENDT" length="19" />
        </property>
        <property name="frcaseclosedt" type="timestamp">
            <column name="FRCASECLOSEDT" length="19" />
        </property>
        <property name="appbrand" type="string">
            <column name="APPBRAND" length="4" />
        </property>
        <property name="servicetype" type="string">
            <column name="SERVICETYPE" length="20" />
        </property>
        <set name="mobilecards" table="mobilecard" inverse="true" lazy="true" fetch="select">
            <key>
                <column name="CUSTMOBILEID" precision="15" scale="0" />
            </key>
            <one-to-many class="Mobilecard" />
        </set>
    </class>
</hibernate-mapping>
