<?xml version="1.0"?>
<!DOCTYPE hibernate-mapping PUBLIC "-//Hibernate/Hibernate Mapping DTD 3.0//EN"
"http://www.hibernate.org/dtd/hibernate-mapping-3.0.dtd">
<!-- Generated Aug 8, 2016 5:49:48 PM by Hibernate Tools 4.0.1.Final -->
<hibernate-mapping>
    <class name="Domaincustomer" table="domaincustomer" catalog="los">
        <id name="customernum" type="string">
            <column name="CUSTOMERNUM" length="8" />
            <generator class="assigned" />
        </id>
        <many-to-one name="customer" class="Customer" fetch="select">
            <column name="CUSTOMERID" precision="15" scale="0" />
        </many-to-one>
        <property name="domain" type="string">
            <column name="DOMAIN" length="4" />
        </property>
        <property name="ciskey" type="string">
            <column name="CISKEY" length="11" />
        </property>
    </class>
</hibernate-mapping>
