<?xml version="1.0"?>
<!DOCTYPE hibernate-mapping PUBLIC "-//Hibernate/Hibernate Mapping DTD 3.0//EN"
"http://www.hibernate.org/dtd/hibernate-mapping-3.0.dtd">
<!-- Generated Aug 8, 2016 5:49:48 PM by Hibernate Tools 4.0.1.Final -->
<hibernate-mapping>
    <class name="Smsdetails" table="smsdetails" catalog="los">
        <composite-id name="id" class="SmsdetailsId">
            <key-property name="smsid" type="java.lang.Long">
                <column name="SMSID" precision="15" scale="0" />
            </key-property>
            <key-property name="mobilecardid" type="java.lang.Long">
                <column name="MOBILECARDID" precision="15" scale="0" />
            </key-property>
            <key-property name="mobilenumber" type="string">
                <column name="MOBILENUMBER" length="15" />
            </key-property>
            <key-property name="createddt" type="timestamp">
                <column name="CREATEDDT" length="19" />
            </key-property>
            <key-property name="updatedt" type="timestamp">
                <column name="UPDATEDT" length="19" />
            </key-property>
        </composite-id>
        <many-to-one name="mobilecard" class="Mobilecard" update="false" insert="false" fetch="select">
            <column name="MOBILECARDID" precision="15" scale="0" />
        </many-to-one>
    </class>
</hibernate-mapping>
