<?xml version="1.0"?>
<!DOCTYPE hibernate-mapping PUBLIC "-//Hibernate/Hibernate Mapping DTD 3.0//EN"
"http://www.hibernate.org/dtd/hibernate-mapping-3.0.dtd">
<!-- Generated Aug 8, 2016 5:52:30 PM by Hibernate Tools 4.0.1.Final -->
<hibernate-mapping>
    <class name="Schemeconfig" table="schemeconfig" catalog="los">
        <id name="configparam" type="string">
            <column name="CONFIGPARAM" length="20" />
            <generator class="assigned" />
        </id>
        <property name="configvalue" type="string">
            <column name="CONFIGVALUE" length="50" />
        </property>
    </class>
</hibernate-mapping>
